OBJECTID,DATE,African_American,White,Hispanic,Asian,Other,Not_Available
1,04/06/2020 06:00:00 AM,5,14,0,0,1,2
2,04/07/2020 06:00:00 AM,0,0,0,0,0,0
3,04/08/2020 06:00:00 AM,55,39,0,6,3,21
4,04/09/2020 06:00:00 AM,61,45,0,6,5,21
5,04/10/2020 06:00:00 AM,77,58,0,6,7,23
6,04/11/2020 06:00:00 AM,91,72,0,7,9,27
7,04/12/2020 06:00:00 AM,104,83,0,8,12,28
8,04/13/2020 06:00:00 AM,120,93,0,10,15,24
9,04/14/2020 06:00:00 AM,0,0,0,0,0,0
10,04/15/2020 06:00:00 AM,139,109,13,10,7,71
11,04/16/2020 06:00:00 AM,153,126,15,11,8,79
12,04/17/2020 06:00:00 AM,166,137,17,13,12,80
13,04/18/2020 06:00:00 AM,183,148,20,15,14,83
14,04/19/2020 06:00:00 AM,196,159,21,15,14,81
15,04/20/2020 06:00:00 AM,207,181,26,22,16,64
16,04/21/2020 06:00:00 AM,218,201,32,21,17,95
17,04/22/2020 06:00:00 AM,289,234,69,21,10,8
18,04/23/2020 06:00:00 AM,289,258,72,21,10,30
19,04/24/2020 06:00:00 AM,289,275,40,25,17,77
20,04/25/2020 06:00:00 AM,301,296,44,29,10,117
21,04/26/2020 06:00:00 AM,305,301,46,30,11,134
22,04/27/2020 06:00:00 AM,353,328,56,33,16,72
23,04/28/2020 06:00:00 AM,365,362,58,36,15,93
24,04/29/2020 06:00:00 AM,404,390,64,36,17,74
25,04/30/2020 06:00:00 AM,431,420,67,37,17,75
26,05/01/2020 06:00:00 AM,436,436,69,38,16,103
27,05/02/2020 06:00:00 AM,482,468,70,39,18,79
28,05/03/2020 06:00:00 AM,500,486,78,39,18,61
29,05/04/2020 06:00:00 AM,503,503,81,41,18,70
30,05/05/2020 06:00:00 AM,521,537,83,44,19,86
31,05/06/2020 06:00:00 AM,542,562,91,48,17,78
32,05/07/2020 06:00:00 AM,567,580,96,48,17,93
33,05/08/2020 06:00:00 AM,595,598,101,48,17,94
34,05/09/2020 06:00:00 AM,611,622,107,49,21,100
35,05/10/2020 06:00:00 AM,631,637,109,51,22,88
36,05/11/2020 06:00:00 AM,638,645,114,52,22,102
37,05/12/2020 06:00:00 AM,656,681,124,56,22,104
38,05/13/2020 06:00:00 AM,691,704,133,58,23,85
39,05/14/2020 06:00:00 AM,708,731,137,60,22,90
40,05/15/2020 06:00:00 AM,736,746,142,61,24,83
41,05/16/2020 06:00:00 AM,760,762,150,65,22,83
42,05/17/2020 06:00:00 AM,777,779,154,67,23,76
43,05/18/2020 06:00:00 AM,792,785,156,68,24,78
44,05/19/2020 06:00:00 AM,815,817,160,69,24,78
45,05/20/2020 06:00:00 AM,839,837,163,71,25,69
46,05/21/2020 06:00:00 AM,852,855,176,74,27,61
47,05/22/2020 06:00:00 AM,874,870,181,80,26,61
48,05/23/2020 06:00:00 AM,891,886,187,81,26,59
49,05/24/2020 06:00:00 AM,899,898,191,81,28,65
50,05/25/2020 06:00:00 AM,909,913,194,83,29,59
51,05/26/2020 06:00:00 AM,921,924,199,83,30,60
52,05/27/2020 06:00:00 AM,941,944,204,85,27,69
53,05/28/2020 06:00:00 AM,952,960,208,88,29,70
54,05/29/2020 06:00:00 AM,972,982,215,89,30,60
55,05/30/2020 06:00:00 AM,986,1003,222,92,30,57
56,05/31/2020 06:00:00 AM,995,1016,226,93,31,50
57,06/01/2020 06:00:00 AM,1007,1021,229,94,31,49
58,06/02/2020 06:00:00 AM,1019,1039,234,96,32,54
59,06/03/2020 06:00:00 AM,1043,1057,238,98,33,50
60,06/04/2020 06:00:00 AM,1061,1071,243,99,32,40
61,06/05/2020 06:00:00 AM,1077,1082,251,99,31,40
62,06/06/2020 06:00:00 AM,1092,1101,256,101,32,34
63,06/07/2020 06:00:00 AM,1100,1109,255,101,32,28
64,06/08/2020 06:00:00 AM,1104,1114,258,101,32,44
65,06/09/2020 06:00:00 AM,1115,1140,261,101,32,37
66,06/10/2020 06:00:00 AM,1123,1154,269,103,31,39
67,06/11/2020 06:00:00 AM,1133,1164,273,104,31,45
68,06/12/2020 06:00:00 AM,1140,1176,284,104,32,37
69,06/13/2020 06:00:00 AM,1148,1184,290,106,31,40
70,06/14/2020 06:00:00 AM,1154,1192,295,107,31,32
71,06/15/2020 06:00:00 AM,1157,1196,297,109,30,28
72,06/16/2020 06:00:00 AM,1162,1202,301,109,31,46
73,06/17/2020 06:00:00 AM,1176,1214,303,110,31,32
74,06/18/2020 06:00:00 AM,1183,1232,304,110,31,26
75,06/19/2020 06:00:00 AM,1188,1240,307,109,32,25
76,06/20/2020 06:00:00 AM,1195,1250,311,110,32,25
77,06/21/2020 06:00:00 AM,1196,1254,315,110,33,29
78,06/22/2020 06:00:00 AM,1199,1262,318,110,33,23
79,06/23/2020 06:00:00 AM,1204,1268,320,114,32,25
80,06/24/2020 06:00:00 AM,1215,1266,324,115,32,26
81,06/25/2020 06:00:00 AM,1224,1269,328,116,33,31
82,06/26/2020 06:00:00 AM,1229,1278,331,116,34,27
83,06/27/2020 06:00:00 AM,1233,1285,335,118,35,24
84,06/28/2020 06:00:00 AM,1238,1286,336,119,36,27
85,06/29/2020 06:00:00 AM,1241,1289,338,119,36,25
86,06/30/2020 06:00:00 AM,1242,1295,340,120,34,31
87,07/01/2020 06:00:00 AM,1246,1310,340,120,33,28
88,07/02/2020 06:00:00 AM,1246,1316,342,120,33,29
89,07/03/2020 06:00:00 AM,1251,1321,344,121,34,28
90,07/04/2020 06:00:00 AM,1258,1324,346,121,35,27
91,07/05/2020 06:00:00 AM,1258,1327,347,121,35,30
92,07/06/2020 06:00:00 AM,1263,1329,350,122,35,22
93,07/07/2020 06:00:00 AM,1266,1335,351,123,35,30
94,07/08/2020 06:00:00 AM,1270,1344,356,122,34,23
95,07/09/2020 06:00:00 AM,1276,1348,355,123,34,24
96,07/10/2020 06:00:00 AM,1286,1352,358,123,34,19
97,07/11/2020 06:00:00 AM,1289,1355,359,123,34,19
98,07/12/2020 06:00:00 AM,1295,1357,361,123,35,17
99,07/13/2020 06:00:00 AM,1298,1357,363,124,35,17
100,07/14/2020 06:00:00 AM,1301,1357,366,124,35,19
101,07/15/2020 06:00:00 AM,1305,1363,368,124,36,13
102,07/16/2020 06:00:00 AM,1308,1365,370,124,36,12
103,07/17/2020 06:00:00 AM,1310,1367,372,124,36,18
104,07/18/2020 06:00:00 AM,1318,1372,375,124,37,12
105,07/19/2020 06:00:00 AM,1322,1374,374,124,37,16
106,07/20/2020 06:00:00 AM,1327,1375,377,124,37,12
107,07/21/2020 06:00:00 AM,1332,1385,379,125,36,15
108,07/22/2020 06:00:00 AM,1336,1387,380,125,36,12
109,07/23/2020 06:00:00 AM,1340,1388,383,125,36,9
110,07/24/2020 06:00:00 AM,1342,1392,384,125,36,14
111,07/25/2020 06:00:00 AM,1349,1397,384,125,35,14
112,07/26/2020 06:00:00 AM,1354,1397,385,125,35,13
113,07/27/2020 06:00:00 AM,1357,1400,386,125,35,12
114,07/28/2020 06:00:00 AM,1361,1405,386,125,35,15
115,07/29/2020 06:00:00 AM,1365,1409,386,126,35,26
116,07/30/2020 06:00:00 AM,1371,1420,387,127,35,17
117,07/31/2020 06:00:00 AM,1375,1422,389,127,35,14
118,08/01/2020 06:00:00 AM,1380,1424,391,127,35,17
119,08/02/2020 06:00:00 AM,1385,1427,392,127,37,13
120,08/03/2020 06:00:00 AM,1385,1430,392,127,37,18
121,08/04/2020 06:00:00 AM,1389,1435,393,127,36,16
122,08/05/2020 06:00:00 AM,1397,1439,394,127,36,9
123,08/06/2020 06:00:00 AM,1401,1442,395,128,36,13
124,08/07/2020 06:00:00 AM,1406,1446,397,128,35,17
125,08/08/2020 06:00:00 AM,1412,1452,397,128,36,15
126,08/09/2020 06:00:00 AM,1415,1456,398,129,36,14
127,08/10/2020 06:00:00 AM,1417,1457,400,129,36,15
128,08/11/2020 06:00:00 AM,1423,1461,401,129,36,17
129,08/12/2020 06:00:00 AM,1426,1465,405,129,37,12
130,08/13/2020 06:00:00 AM,1430,1472,405,129,37,10
131,08/14/2020 06:00:00 AM,1433,1475,406,130,36,15
132,08/15/2020 06:00:00 AM,1437,1477,407,130,37,11
133,08/16/2020 06:00:00 AM,1440,1480,408,130,37,7
134,08/17/2020 06:00:00 AM,1439,1482,408,130,37,8
135,08/18/2020 06:00:00 AM,1441,1485,409,130,37,9
136,08/19/2020 06:00:00 AM,1443,1489,412,130,37,11
137,08/20/2020 06:00:00 AM,1447,1493,412,130,37,12
138,08/21/2020 06:00:00 AM,1452,1496,412,130,38,8
139,08/22/2020 06:00:00 AM,1453,1501,412,131,38,11
140,08/23/2020 06:00:00 AM,1455,1505,412,131,38,11
141,08/24/2020 06:00:00 AM,1459,1505,413,131,38,8
142,08/25/2020 06:00:00 AM,1462,1508,413,132,38,11
143,08/26/2020 06:00:00 AM,1464,1513,413,132,39,13
144,08/27/2020 06:00:00 AM,1468,1517,415,132,39,9
145,08/28/2020 06:00:00 AM,1471,1520,415,132,39,16
146,08/29/2020 06:00:00 AM,1479,1522,418,133,39,12
147,08/30/2020 06:00:00 AM,1486,1524,419,133,39,8
148,08/31/2020 06:00:00 AM,1486,1526,420,133,39,8
149,09/01/2020 06:00:00 AM,1486,1527,421,133,39,11
150,09/02/2020 06:00:00 AM,1488,1530,423,133,39,10
151,09/03/2020 06:00:00 AM,1491,1533,423,134,39,14
152,09/04/2020 06:00:00 AM,1490,1539,424,135,41,16
153,09/05/2020 06:00:00 AM,1495,1544,424,136,40,13
154,09/06/2020 06:00:00 AM,1497,1546,425,136,40,11
155,09/07/2020 06:00:00 AM,1501,1547,425,136,40,11
156,09/08/2020 06:00:00 AM,1501,1550,426,136,40,10
157,09/09/2020 06:00:00 AM,1502,1551,428,136,40,15
158,09/10/2020 06:00:00 AM,1507,1555,428,136,41,12
159,09/11/2020 06:00:00 AM,1509,1560,428,136,41,11
160,09/12/2020 06:00:00 AM,1511,1564,429,136,41,12
161,09/13/2020 06:00:00 AM,1513,1566,430,136,41,9
162,09/14/2020 06:00:00 AM,1514,1567,430,136,40,9
163,09/15/2020 06:00:00 AM,1515,1568,431,136,40,16
164,09/16/2020 06:00:00 AM,1520,1572,431,136,40,13
165,09/17/2020 06:00:00 AM,1523,1576,432,137,40,9
166,09/18/2020 06:00:00 AM,1528,1577,433,137,40,9
167,09/19/2020 06:00:00 AM,1532,1579,433,137,40,11
168,09/20/2020 06:00:00 AM,1534,1582,433,137,40,9
169,09/21/2020 06:00:00 AM,1534,1585,433,137,40,10
170,09/22/2020 06:00:00 AM,1537,1588,435,138,40,10
171,09/23/2020 06:00:00 AM,1542,1589,436,139,40,10
172,09/24/2020 06:00:00 AM,1543,1593,436,139,42,12
173,09/25/2020 06:00:00 AM,1547,1597,437,140,42,9
174,09/26/2020 06:00:00 AM,1548,1601,438,141,42,10
175,09/27/2020 06:00:00 AM,1552,1600,438,142,42,16
176,09/28/2020 06:00:00 AM,1555,1603,439,143,42,11
177,09/29/2020 06:00:00 AM,1555,1607,440,143,42,15
178,09/30/2020 06:00:00 AM,1558,1610,441,143,42,11
179,10/01/2020 06:00:00 AM,1559,1611,441,143,43,8
180,10/02/2020 06:00:00 AM,1558,1614,442,144,42,6
181,10/03/2020 06:00:00 AM,1559,1614,441,145,41,13
182,10/04/2020 06:00:00 AM,1560,1617,442,145,41,9
183,10/05/2020 06:00:00 AM,1560,1619,442,145,41,10
184,10/06/2020 06:00:00 AM,1563,1622,442,145,41,10
185,10/07/2020 06:00:00 AM,1568,1625,442,144,41,9
186,10/08/2020 06:00:00 AM,1572,1628,442,144,41,8
187,10/09/2020 06:00:00 AM,1574,1632,443,144,41,11
188,10/10/2020 06:00:00 AM,1574,1633,443,144,41,15
189,10/11/2020 06:00:00 AM,1580,1638,443,144,42,7
190,10/12/2020 06:00:00 AM,1582,1639,443,144,42,9
191,10/13/2020 06:00:00 AM,1583,1642,446,144,42,11
192,10/14/2020 06:00:00 AM,1585,1645,448,144,42,13
193,10/15/2020 06:00:00 AM,1587,1653,448,144,42,9
194,10/16/2020 06:00:00 AM,1587,1655,448,144,42,11
195,10/17/2020 06:00:00 AM,1589,1659,448,144,43,8
196,10/18/2020 06:00:00 AM,1591,1660,448,144,43,5
197,10/19/2020 06:00:00 AM,1591,1661,448,144,43,8
198,10/20/2020 06:00:00 AM,1590,1664,448,144,44,14
199,10/21/2020 06:00:00 AM,1593,1670,448,144,44,13
200,10/22/2020 06:00:00 AM,1596,1675,449,146,44,14
201,10/23/2020 06:00:00 AM,1597,1679,449,146,45,16
202,10/24/2020 06:00:00 AM,1602,1682,451,146,45,19
203,10/25/2020 06:00:00 AM,1606,1687,453,146,46,12
204,10/26/2020 06:00:00 AM,1607,1689,454,146,45,12
205,10/27/2020 06:00:00 AM,1608,1694,454,146,45,15
206,10/28/2020 06:00:00 AM,1616,1697,454,146,44,12
207,10/29/2020 06:00:00 AM,1617,1705,454,147,43,14
208,10/30/2020 06:00:00 AM,1618,1713,454,147,43,15
209,10/31/2020 06:00:00 AM,1619,1719,455,146,45,16
210,11/01/2020 05:00:00 AM,1621,1727,455,146,45,10
211,11/02/2020 05:00:00 AM,1622,1726,456,147,44,12
212,11/03/2020 05:00:00 AM,1623,1730,456,147,45,14
213,11/04/2020 05:00:00 AM,1622,1738,457,147,46,15
214,11/05/2020 05:00:00 AM,1626,1742,457,147,45,18
215,11/06/2020 05:00:00 AM,1631,1744,461,147,45,18
216,11/07/2020 05:00:00 AM,1635,1748,461,148,46,14
217,11/08/2020 05:00:00 AM,1638,1751,462,148,45,19
218,11/09/2020 05:00:00 AM,1641,1755,463,148,45,20
219,11/10/2020 05:00:00 AM,1642,1761,464,150,46,21
220,11/11/2020 05:00:00 AM,1647,1770,466,151,46,20
221,11/12/2020 05:00:00 AM,1658,1772,467,151,47,17
222,11/13/2020 05:00:00 AM,1661,1776,468,151,48,20
223,11/14/2020 05:00:00 AM,1665,1784,469,152,48,26
224,11/15/2020 05:00:00 AM,1673,1790,469,154,48,19
225,11/16/2020 05:00:00 AM,1677,1791,470,155,48,19
226,11/17/2020 05:00:00 AM,1684,1800,471,155,48,28
227,11/18/2020 05:00:00 AM,1687,1814,472,155,48,25
228,11/19/2020 05:00:00 AM,1690,1829,472,156,48,25
229,11/20/2020 05:00:00 AM,1692,1845,473,156,47,32
230,11/21/2020 05:00:00 AM,1697,1862,476,157,48,21
231,11/22/2020 05:00:00 AM,1702,1869,476,157,48,27
232,11/23/2020 05:00:00 AM,1705,1880,476,156,49,27
233,11/24/2020 05:00:00 AM,1710,1900,476,157,50,32
234,11/25/2020 05:00:00 AM,1715,1916,477,158,49,48
235,11/26/2020 05:00:00 AM,1725,1938,481,158,50,40
236,11/27/2020 05:00:00 AM,1733,1947,481,158,50,45
237,11/28/2020 05:00:00 AM,1741,1970,481,159,50,46
238,11/29/2020 05:00:00 AM,1744,1983,484,160,50,49
239,11/30/2020 05:00:00 AM,1750,1991,488,160,50,47
240,12/01/2020 05:00:00 AM,1760,2008,490,162,51,45
241,12/02/2020 05:00:00 AM,1772,2034,491,164,51,46
242,12/03/2020 05:00:00 AM,1781,2065,493,166,49,52
243,12/04/2020 05:00:00 AM,1802,2089,494,167,49,29
244,12/05/2020 05:00:00 AM,1806,2101,494,167,48,43
245,12/06/2020 05:00:00 AM,1815,2115,497,167,48,43
246,12/07/2020 05:00:00 AM,1828,2127,497,168,48,37
247,12/08/2020 05:00:00 AM,1833,2151,497,168,49,57
248,12/09/2020 05:00:00 AM,1847,2183,500,169,49,53
249,12/10/2020 05:00:00 AM,1859,2211,501,170,49,60
250,12/11/2020 05:00:00 AM,1870,2241,504,170,53,63
251,12/12/2020 05:00:00 AM,1879,2273,510,171,53,51
252,12/13/2020 05:00:00 AM,1887,2287,510,171,56,43
253,12/14/2020 05:00:00 AM,1892,2294,516,173,54,49
254,12/15/2020 05:00:00 AM,1906,2331,520,174,55,53
255,12/16/2020 05:00:00 AM,1916,2374,521,174,55,63
256,12/17/2020 05:00:00 AM,1931,2402,524,178,54,63
257,12/18/2020 05:00:00 AM,1947,2430,527,178,56,50
258,12/19/2020 05:00:00 AM,1963,2456,529,179,56,59
259,12/20/2020 05:00:00 AM,1976,2477,532,179,55,60
260,12/21/2020 05:00:00 AM,1987,2500,532,180,56,47
261,12/22/2020 05:00:00 AM,2002,2522,537,181,56,55
262,12/23/2020 05:00:00 AM,2020,2556,538,180,55,53
263,12/24/2020 05:00:00 AM,2035,2591,540,180,55,61
264,12/25/2020 05:00:00 AM,2048,2615,543,182,57,48
265,12/26/2020 05:00:00 AM,2056,2631,545,182,57,43
266,12/27/2020 05:00:00 AM,2062,2640,548,183,57,55
267,12/28/2020 05:00:00 AM,2071,2655,550,183,58,56
268,12/29/2020 05:00:00 AM,2084,2679,552,183,58,80
269,12/30/2020 05:00:00 AM,2094,2722,556,186,58,65
270,12/31/2020 05:00:00 AM,2108,2753,563,187,58,58
271,01/01/2021 05:00:00 AM,2119,2782,568,187,60,58
272,01/02/2021 05:00:00 AM,2129,2795,572,188,63,52
273,01/03/2021 05:00:00 AM,2135,2813,574,188,63,53
274,01/04/2021 05:00:00 AM,2143,2823,575,188,63,67
275,01/05/2021 05:00:00 AM,2149,2855,576,191,62,80
276,01/06/2021 05:00:00 AM,2164,2885,584,193,63,71
277,01/07/2021 05:00:00 AM,2177,2913,587,196,62,69
278,01/08/2021 05:00:00 AM,2203,2933,591,198,62,60
279,01/09/2021 05:00:00 AM,2208,2958,594,202,61,52
280,01/10/2021 05:00:00 AM,2220,2970,594,203,62,51
281,01/11/2021 05:00:00 AM,2224,2985,595,204,62,59
282,01/12/2021 05:00:00 AM,2235,3018,596,205,62,80
283,01/13/2021 05:00:00 AM,2242,3056,598,209,63,65
284,01/14/2021 05:00:00 AM,2253,3082,600,210,64,68
285,01/15/2021 05:00:00 AM,2262,3119,603,212,64,62
286,01/16/2021 05:00:00 AM,2268,3144,605,216,65,71
287,01/17/2021 05:00:00 AM,2276,3153,607,216,65,77
288,01/18/2021 05:00:00 AM,2294,3173,609,219,65,63
289,01/19/2021 05:00:00 AM,2304,3195,614,222,65,76
290,01/20/2021 05:00:00 AM,2317,3235,618,224,65,55
291,01/21/2021 05:00:00 AM,2326,3270,620,225,66,53
292,01/22/2021 05:00:00 AM,2336,3312,628,225,66,50
293,01/23/2021 05:00:00 AM,2342,3341,629,225,66,59
294,01/24/2021 05:00:00 AM,2354,3357,633,227,66,53
295,01/25/2021 05:00:00 AM,2359,3377,635,229,66,60
296,01/26/2021 05:00:00 AM,2370,3408,639,231,66,74
297,01/27/2021 05:00:00 AM,2383,3442,642,233,67,54
298,01/28/2021 05:00:00 AM,2397,3469,642,233,67,53
299,01/29/2021 05:00:00 AM,2413,3494,644,234,67,48
300,01/30/2021 05:00:00 AM,2420,3518,647,239,67,40
301,01/31/2021 05:00:00 AM,2426,3525,649,240,66,45
302,02/01/2021 05:00:00 AM,2431,3534,653,245,66,49
303,02/02/2021 05:00:00 AM,2434,3546,654,245,68,65
304,02/03/2021 05:00:00 AM,2447,3576,657,246,71,46
305,02/04/2021 05:00:00 AM,2452,3591,664,247,70,50
306,02/05/2021 05:00:00 AM,2463,3615,665,248,73,45
307,02/06/2021 05:00:00 AM,2472,3641,667,248,74,48
308,02/07/2021 05:00:00 AM,2481,3653,671,248,74,43
309,02/08/2021 05:00:00 AM,2489,3660,674,248,74,48
310,02/09/2021 05:00:00 AM,2497,3679,678,249,72,59
311,02/10/2021 05:00:00 AM,2510,3703,679,249,73,53
312,02/11/2021 05:00:00 AM,2525,3720,681,250,72,40
313,02/12/2021 05:00:00 AM,2538,3737,683,250,74,42
314,02/13/2021 05:00:00 AM,2544,3749,681,252,74,56
315,02/14/2021 05:00:00 AM,2547,3754,682,253,74,64
316,02/15/2021 05:00:00 AM,2563,3776,684,257,74,46
317,02/16/2021 05:00:00 AM,2564,3789,684,257,74,62
318,02/17/2021 05:00:00 AM,2567,3799,685,257,74,67
319,02/18/2021 05:00:00 AM,2590,3824,688,262,74,41
320,02/19/2021 05:00:00 AM,2590,3827,689,262,74,53
321,02/20/2021 05:00:00 AM,2591,3838,689,262,75,60
322,02/21/2021 05:00:00 AM,2591,3842,691,262,75,72
323,02/22/2021 05:00:00 AM,2593,3847,692,262,75,81
324,02/23/2021 05:00:00 AM,2599,3863,693,262,75,88
325,02/24/2021 05:00:00 AM,2605,3883,696,263,75,85
326,02/25/2021 05:00:00 AM,2639,3911,699,265,76,33
327,02/26/2021 05:00:00 AM,2641,3922,701,265,75,52
328,02/27/2021 05:00:00 AM,2643,3933,704,265,75,54
329,02/28/2021 05:00:00 AM,2646,3938,705,266,76,56
330,03/01/2021 05:00:00 AM,2646,3939,705,266,76,65
331,03/02/2021 05:00:00 AM,2649,3954,708,266,78,68
332,03/03/2021 05:00:00 AM,2658,3964,709,266,78,62
333,03/04/2021 05:00:00 AM,2661,3970,710,267,78,54
334,03/05/2021 05:00:00 AM,2663,3979,711,270,79,46
335,03/06/2021 05:00:00 AM,2666,3981,711,270,80,51
336,03/07/2021 05:00:00 AM,2671,3983,712,270,80,57
337,03/08/2021 05:00:00 AM,2671,3984,713,270,80,63
338,03/09/2021 05:00:00 AM,2680,3996,715,271,80,64
339,03/10/2021 05:00:00 AM,2684,4014,717,273,81,51
340,03/11/2021 05:00:00 AM,2690,4024,719,273,81,45
341,03/12/2021 05:00:00 AM,2693,4031,721,273,81,49
342,03/13/2021 05:00:00 AM,2696,4039,721,275,81,44
343,03/14/2021 06:00:00 AM,2696,4040,721,277,81,51
344,03/15/2021 06:00:00 AM,2696,4040,722,277,81,57
345,03/16/2021 06:00:00 AM,2702,4051,722,277,81,63
346,03/17/2021 06:00:00 AM,2708,4060,724,277,81,65
347,03/18/2021 06:00:00 AM,2719,4072,724,278,81,55
348,03/19/2021 06:00:00 AM,2736,4090,726,278,82,35
349,03/20/2021 06:00:00 AM,2741,4102,727,279,82,42
350,03/21/2021 06:00:00 AM,2745,4103,727,280,82,48
351,03/22/2021 06:00:00 AM,2745,4104,727,280,82,61
352,03/23/2021 06:00:00 AM,2761,4114,727,280,83,45
353,03/24/2021 06:00:00 AM,2764,4123,727,280,82,53
354,03/25/2021 06:00:00 AM,2768,4128,728,280,82,46
355,03/26/2021 06:00:00 AM,2777,4134,729,281,83,43
356,03/27/2021 06:00:00 AM,2786,4138,729,281,83,44
357,03/28/2021 06:00:00 AM,2788,4139,730,281,83,45
358,03/29/2021 06:00:00 AM,2788,4140,731,281,83,52
359,03/30/2021 06:00:00 AM,2792,4145,731,281,83,56
360,03/31/2021 06:00:00 AM,2799,4148,734,281,83,56
361,04/01/2021 06:00:00 AM,2806,4154,737,284,83,54
362,04/02/2021 06:00:00 AM,2813,4161,737,285,83,55
363,04/03/2021 06:00:00 AM,2817,4171,739,287,83,60
364,04/04/2021 06:00:00 AM,2818,4176,740,287,83,61
365,04/05/2021 06:00:00 AM,2819,4177,740,287,83,71
366,04/06/2021 06:00:00 AM,2825,4183,741,288,83,72
367,04/07/2021 06:00:00 AM,2833,4192,741,289,83,65
368,04/08/2021 06:00:00 AM,2842,4202,743,289,83,65
369,04/09/2021 06:00:00 AM,2853,4211,746,289,83,56
370,04/10/2021 06:00:00 AM,2863,4218,747,289,83,58
371,04/11/2021 06:00:00 AM,2863,4221,748,291,83,63
372,04/12/2021 06:00:00 AM,2864,4224,748,291,83,74
373,04/13/2021 06:00:00 AM,2872,4231,749,291,83,72
374,04/14/2021 06:00:00 AM,2885,4240,749,291,83,59
375,04/15/2021 06:00:00 AM,2893,4244,750,291,83,65
376,04/16/2021 06:00:00 AM,2901,4251,752,292,83,63
377,04/17/2021 06:00:00 AM,2907,4264,754,293,83,58
378,04/18/2021 06:00:00 AM,2907,4267,756,294,83,69
379,04/19/2021 06:00:00 AM,2908,4268,756,294,83,78
380,04/20/2021 06:00:00 AM,2916,4280,757,294,83,76
381,04/21/2021 06:00:00 AM,2930,4288,759,295,83,64
382,04/22/2021 06:00:00 AM,2935,4298,760,295,83,68
383,04/23/2021 06:00:00 AM,2945,4304,763,295,83,57
384,04/24/2021 06:00:00 AM,2956,4310,764,295,83,54
385,04/25/2021 06:00:00 AM,2957,4311,767,296,83,61
386,04/26/2021 06:00:00 AM,2957,4313,768,296,83,66
387,04/27/2021 06:00:00 AM,2965,4316,769,296,83,72
388,04/28/2021 06:00:00 AM,2977,4323,773,297,83,68
389,04/29/2021 06:00:00 AM,2990,4326,775,297,83,59
390,04/30/2021 06:00:00 AM,2999,4332,776,297,83,68
391,05/01/2021 06:00:00 AM,3010,4337,776,297,83,72
392,05/02/2021 06:00:00 AM,3015,4340,776,297,83,74
393,05/03/2021 06:00:00 AM,3017,4348,778,297,83,82
394,05/04/2021 06:00:00 AM,3019,4355,781,297,83,77
395,05/05/2021 06:00:00 AM,3030,4360,781,297,84,70
396,05/06/2021 06:00:00 AM,3044,4366,781,298,84,58
397,05/07/2021 06:00:00 AM,3052,4373,785,298,85,49
398,05/08/2021 06:00:00 AM,3063,4378,786,298,85,42
399,05/09/2021 06:00:00 AM,3065,4378,786,298,85,48
400,05/10/2021 06:00:00 AM,3065,4379,786,298,85,57
401,05/11/2021 06:00:00 AM,3068,4383,786,299,85,57
402,05/12/2021 06:00:00 AM,3080,4389,786,299,85,48
403,05/13/2021 06:00:00 AM,3087,4394,786,299,85,53
404,05/14/2021 06:00:00 AM,3096,4396,787,299,85,53
405,05/15/2021 06:00:00 AM,3102,4405,788,299,86,53
406,05/16/2021 06:00:00 AM,3106,4407,788,299,86,51
407,05/17/2021 06:00:00 AM,3106,4408,788,300,86,52
408,05/18/2021 06:00:00 AM,3116,4415,788,300,86,49
409,05/19/2021 06:00:00 AM,3125,4419,788,300,86,48
410,05/20/2021 06:00:00 AM,3126,4423,788,300,87,44
411,05/21/2021 06:00:00 AM,3135,4427,790,301,87,42
412,05/22/2021 06:00:00 AM,3146,4437,790,301,87,38
413,05/23/2021 06:00:00 AM,3150,4442,790,303,88,43
414,05/24/2021 06:00:00 AM,3157,4444,791,303,88,48
415,05/25/2021 06:00:00 AM,3161,4452,791,305,88,41
416,05/26/2021 06:00:00 AM,3167,4459,791,305,88,36
417,05/27/2021 06:00:00 AM,3367,4730,822,320,99,30
418,05/28/2021 06:00:00 AM,3372,4734,822,320,99,33
419,05/29/2021 06:00:00 AM,3373,4738,822,320,99,35
420,05/30/2021 06:00:00 AM,3377,4740,822,320,99,37
421,05/31/2021 06:00:00 AM,3377,4742,822,320,99,42
422,06/01/2021 06:00:00 AM,3377,4742,822,320,99,44
423,06/02/2021 06:00:00 AM,3379,4745,822,320,99,45
424,06/03/2021 06:00:00 AM,3386,4750,822,320,100,36
425,06/04/2021 06:00:00 AM,3390,4750,826,320,100,31
426,06/05/2021 06:00:00 AM,3394,4750,828,320,100,34
427,06/06/2021 06:00:00 AM,3397,4750,829,320,100,35
428,06/07/2021 06:00:00 AM,3397,4754,829,320,100,35
429,06/08/2021 06:00:00 AM,3401,4757,830,320,100,30
430,06/09/2021 06:00:00 AM,3402,4762,830,321,100,27
431,06/10/2021 06:00:00 AM,3408,4764,831,322,100,25
432,06/11/2021 06:00:00 AM,3410,4767,831,322,100,29
433,06/12/2021 06:00:00 AM,3413,4768,832,322,101,28
434,06/13/2021 06:00:00 AM,3414,4769,832,322,101,28
435,06/14/2021 06:00:00 AM,3414,4769,832,322,101,30
436,06/15/2021 06:00:00 AM,3419,4772,832,322,101,26
437,06/16/2021 06:00:00 AM,3426,4774,832,322,101,23
438,06/17/2021 06:00:00 AM,3429,4776,833,322,101,20
439,06/18/2021 06:00:00 AM,3429,4779,833,322,101,22
440,06/19/2021 06:00:00 AM,3431,4781,833,324,101,20
441,06/20/2021 06:00:00 AM,3431,4782,833,324,101,19
442,06/21/2021 06:00:00 AM,3431,4782,833,324,101,19
443,06/22/2021 06:00:00 AM,3434,4786,833,324,101,20
444,06/23/2021 06:00:00 AM,3437,4790,833,324,101,20
445,06/24/2021 06:00:00 AM,3440,4793,834,324,102,19
446,06/25/2021 06:00:00 AM,3440,4795,835,324,102,17
447,06/26/2021 06:00:00 AM,3443,4797,835,324,102,16
448,06/27/2021 06:00:00 AM,3444,4797,835,325,102,17
449,06/28/2021 06:00:00 AM,3444,4798,835,325,102,18
450,06/29/2021 06:00:00 AM,3444,4798,835,325,102,19
451,06/30/2021 06:00:00 AM,3446,4799,836,325,102,16
452,07/01/2021 06:00:00 AM,3448,4802,836,325,102,14
453,07/02/2021 06:00:00 AM,3449,4802,836,325,102,15
454,07/03/2021 06:00:00 AM,3449,4804,837,325,102,15
455,07/04/2021 06:00:00 AM,3449,4805,837,325,102,14
456,07/05/2021 06:00:00 AM,3449,4806,837,325,102,15
457,07/06/2021 06:00:00 AM,3449,4806,837,326,102,17
458,07/07/2021 06:00:00 AM,3452,4809,837,326,102,12
459,07/08/2021 06:00:00 AM,3453,4810,838,326,102,12
460,07/09/2021 06:00:00 AM,3454,4811,838,326,102,13
461,07/10/2021 06:00:00 AM,3455,4811,838,326,102,13
462,07/11/2021 06:00:00 AM,3455,4811,838,326,102,13
463,07/12/2021 06:00:00 AM,3455,4811,838,326,102,12
464,07/13/2021 06:00:00 AM,3457,4813,838,326,102,12
465,07/14/2021 06:00:00 AM,3459,4815,838,326,102,12
466,07/15/2021 06:00:00 AM,3462,4815,838,326,102,13
467,07/16/2021 06:00:00 AM,3463,4817,838,326,103,14
468,07/17/2021 06:00:00 AM,3463,4819,838,327,103,13
469,07/18/2021 06:00:00 AM,3463,4819,838,328,103,13
470,07/19/2021 06:00:00 AM,3463,4819,838,328,103,14
471,07/20/2021 06:00:00 AM,3465,4820,838,328,103,15
472,07/21/2021 06:00:00 AM,3471,4820,838,328,103,13
473,07/22/2021 06:00:00 AM,3474,4821,838,329,103,14
474,07/23/2021 06:00:00 AM,3477,4821,838,329,103,14
475,07/24/2021 06:00:00 AM,3480,4822,838,329,103,15
476,07/25/2021 06:00:00 AM,3480,4823,838,329,103,15
477,07/26/2021 06:00:00 AM,3480,4824,838,329,103,15
478,07/27/2021 06:00:00 AM,3482,4826,838,329,103,13
479,07/28/2021 06:00:00 AM,3482,4826,838,329,104,15
480,07/29/2021 06:00:00 AM,3482,4826,838,329,105,19
481,07/30/2021 06:00:00 AM,3484,4826,838,329,105,17
482,07/31/2021 06:00:00 AM,3486,4829,838,329,105,19
483,08/01/2021 06:00:00 AM,3488,4830,838,329,105,19
484,08/02/2021 06:00:00 AM,3488,4830,838,329,105,19
485,08/03/2021 06:00:00 AM,3490,4833,838,329,105,20
486,08/04/2021 06:00:00 AM,3491,4835,839,329,105,21
487,08/05/2021 06:00:00 AM,3492,4840,839,329,105,17
488,08/06/2021 06:00:00 AM,3494,4843,840,329,105,15
489,08/07/2021 06:00:00 AM,3495,4845,840,329,105,15
490,08/08/2021 06:00:00 AM,3495,4846,841,329,105,21
491,08/09/2021 06:00:00 AM,3495,4846,841,329,105,25
492,08/10/2021 06:00:00 AM,3497,4852,841,329,105,24
493,08/11/2021 06:00:00 AM,3497,4855,842,329,105,21
494,08/12/2021 06:00:00 AM,3500,4856,842,329,105,20
495,08/13/2021 06:00:00 AM,3502,4857,842,329,106,21
496,08/14/2021 06:00:00 AM,3505,4862,842,329,106,22
497,08/15/2021 06:00:00 AM,3505,4863,842,329,106,25
498,08/16/2021 06:00:00 AM,3506,4864,842,329,106,28
499,08/17/2021 06:00:00 AM,3508,4868,842,329,106,25
500,08/18/2021 06:00:00 AM,3509,4871,843,329,106,28
501,08/19/2021 06:00:00 AM,3510,4877,844,329,106,29
502,08/20/2021 06:00:00 AM,3512,4880,845,329,106,29
503,08/21/2021 06:00:00 AM,3516,4888,846,330,107,29
504,08/22/2021 06:00:00 AM,3517,4888,846,330,107,33
505,08/23/2021 06:00:00 AM,3518,4889,846,330,107,36
506,08/24/2021 06:00:00 AM,3521,4894,846,331,108,34
507,08/25/2021 06:00:00 AM,3525,4896,846,331,108,39
508,08/26/2021 06:00:00 AM,3529,4897,846,331,108,30
509,08/27/2021 06:00:00 AM,3532,4902,846,331,108,29
510,08/28/2021 06:00:00 AM,3536,4905,846,331,109,33
511,08/29/2021 06:00:00 AM,3536,4907,846,331,109,43
512,08/30/2021 06:00:00 AM,3536,4907,846,331,109,52
513,08/31/2021 06:00:00 AM,3540,4912,847,331,109,52
514,09/01/2021 06:00:00 AM,3549,4922,847,332,109,42
515,09/02/2021 06:00:00 AM,3553,4932,847,333,109,43
516,09/03/2021 06:00:00 AM,3556,4937,848,333,109,44
517,09/04/2021 06:00:00 AM,3561,4945,848,333,109,41
518,09/05/2021 06:00:00 AM,3561,4947,848,333,109,51
519,09/06/2021 06:00:00 AM,3561,4952,848,333,109,60
520,09/07/2021 06:00:00 AM,3563,4955,848,333,109,62
521,09/08/2021 06:00:00 AM,3569,4966,849,335,109,63
522,09/09/2021 06:00:00 AM,3578,4982,850,335,110,45
523,09/10/2021 06:00:00 AM,3582,4990,850,335,110,48
524,09/11/2021 06:00:00 AM,3583,4998,851,335,110,58
525,09/12/2021 06:00:00 AM,3584,5005,851,335,110,66
526,09/13/2021 06:00:00 AM,3584,5008,852,335,110,75
527,09/14/2021 06:00:00 AM,3593,5019,853,335,110,69
528,09/15/2021 06:00:00 AM,3599,5033,853,335,110,60
529,09/16/2021 06:00:00 AM,3601,5044,855,335,110,66
530,09/17/2021 06:00:00 AM,3612,5057,855,337,110,52
531,09/18/2021 06:00:00 AM,3616,5066,857,338,110,48
532,09/19/2021 06:00:00 AM,3616,5066,857,338,110,48
533,09/20/2021 06:00:00 AM,3616,5066,857,338,110,48
534,09/21/2021 06:00:00 AM,3620,5089,856,339,110,67
535,09/22/2021 06:00:00 AM,3629,5104,857,339,110,65
536,09/23/2021 06:00:00 AM,3642,5119,856,339,110,54
537,09/24/2021 06:00:00 AM,3645,5131,856,339,110,53
538,09/25/2021 06:00:00 AM,3647,5137,856,339,110,51
539,09/26/2021 06:00:00 AM,3648,5139,856,340,110,62
540,09/27/2021 06:00:00 AM,3649,5145,856,340,110,66
541,09/28/2021 06:00:00 AM,3658,5160,856,340,110,59
542,09/29/2021 06:00:00 AM,3659,5170,858,340,110,59
543,09/30/2021 06:00:00 AM,3669,5181,860,340,110,52
544,10/01/2021 06:00:00 AM,3674,5184,861,340,110,60
545,10/02/2021 06:00:00 AM,3678,5191,862,340,110,62
546,10/03/2021 06:00:00 AM,3680,5192,862,340,110,63
547,10/04/2021 06:00:00 AM,3683,5193,862,340,110,72
548,10/05/2021 06:00:00 AM,3687,5211,862,340,110,72
549,10/06/2021 06:00:00 AM,3697,5224,863,340,110,69
550,10/07/2021 06:00:00 AM,3702,5239,863,340,112,64
551,10/08/2021 06:00:00 AM,3706,5252,863,340,112,60
552,10/09/2021 06:00:00 AM,3710,5265,863,340,113,62
553,10/10/2021 06:00:00 AM,3711,5269,863,340,114,66
554,10/11/2021 06:00:00 AM,3712,5271,863,340,114,70
555,10/12/2021 06:00:00 AM,3717,5279,863,340,114,84
556,10/13/2021 06:00:00 AM,3723,5298,866,340,114,72
557,10/14/2021 06:00:00 AM,3731,5319,866,340,114,62
558,10/15/2021 06:00:00 AM,3738,5338,868,340,114,52
559,10/16/2021 06:00:00 AM,3741,5352,868,341,114,55
560,10/17/2021 06:00:00 AM,3745,5357,868,341,114,51
561,10/18/2021 06:00:00 AM,3745,5357,868,341,114,65
562,10/19/2021 06:00:00 AM,3747,5369,868,341,114,65
563,10/20/2021 06:00:00 AM,3753,5385,869,342,114,63
564,10/21/2021 06:00:00 AM,3759,5397,870,343,114,57
565,10/22/2021 06:00:00 AM,3761,5408,870,343,115,57
566,10/23/2021 06:00:00 AM,3766,5412,871,346,115,55
567,10/24/2021 06:00:00 AM,3767,5416,872,346,115,59
568,10/25/2021 06:00:00 AM,3770,5416,872,346,115,61
569,10/26/2021 06:00:00 AM,3776,5431,873,346,115,55
570,10/27/2021 06:00:00 AM,3780,5444,874,346,116,49
571,10/28/2021 06:00:00 AM,3786,5459,876,346,116,40
572,10/29/2021 06:00:00 AM,3788,5468,875,347,116,40
573,10/30/2021 06:00:00 AM,3791,5474,877,347,116,46
574,10/31/2021 06:00:00 AM,3792,5477,877,348,116,54
575,11/01/2021 06:00:00 AM,3792,5477,877,348,116,67
576,11/02/2021 06:00:00 AM,3796,5496,879,348,116,47
577,11/03/2021 06:00:00 AM,3797,5510,880,348,116,43
578,11/04/2021 06:00:00 AM,3802,5517,880,349,116,44
579,11/05/2021 06:00:00 AM,3809,5524,880,349,116,47
580,11/06/2021 06:00:00 AM,3817,5537,882,349,117,32
581,11/07/2021 05:00:00 AM,3817,5538,883,349,117,39
582,11/08/2021 05:00:00 AM,3817,5538,883,349,117,53
583,11/09/2021 05:00:00 AM,3821,5549,883,349,117,49
584,11/10/2021 05:00:00 AM,3825,5562,883,349,118,46
585,11/11/2021 05:00:00 AM,3829,5575,884,349,118,33
586,11/12/2021 05:00:00 AM,3831,5577,885,350,118,37
587,11/13/2021 05:00:00 AM,3832,5582,886,350,119,49
588,11/14/2021 05:00:00 AM,3832,5585,887,350,119,56
589,11/15/2021 05:00:00 AM,3832,5587,887,350,119,61
590,11/16/2021 05:00:00 AM,3838,5599,887,352,118,49
591,11/17/2021 05:00:00 AM,3845,5610,888,352,118,41
592,11/18/2021 05:00:00 AM,3845,5620,889,352,118,39
593,11/19/2021 05:00:00 AM,3854,5627,889,352,118,29
594,11/20/2021 05:00:00 AM,3862,5630,889,352,118,27
595,11/21/2021 05:00:00 AM,3862,5632,890,352,118,34
596,11/22/2021 05:00:00 AM,3862,5635,890,352,118,39
597,11/23/2021 05:00:00 AM,3865,5642,892,352,118,43
598,11/24/2021 05:00:00 AM,3871,5652,893,352,119,28
599,11/25/2021 05:00:00 AM,3873,5659,894,352,120,28
600,11/26/2021 05:00:00 AM,3873,5660,894,352,120,35
601,11/27/2021 05:00:00 AM,3874,5665,894,352,121,39
602,11/28/2021 05:00:00 AM,3875,5669,894,352,121,42
603,11/29/2021 05:00:00 AM,3876,5670,894,352,121,44
604,11/30/2021 05:00:00 AM,3881,5683,894,353,121,41
605,12/01/2021 05:00:00 AM,3885,5695,895,353,122,37
606,12/02/2021 05:00:00 AM,3886,5700,895,355,122,38
607,12/03/2021 05:00:00 AM,3888,5709,896,355,122,37
608,12/04/2021 05:00:00 AM,3893,5715,896,355,122,41
609,12/05/2021 05:00:00 AM,0,0,0,0,0,0
610,12/06/2021 05:00:00 AM,0,0,0,0,0,0
611,12/07/2021 05:00:00 AM,0,0,0,0,0,0
612,12/08/2021 05:00:00 AM,0,0,0,0,0,0
613,12/09/2021 05:00:00 AM,0,0,0,0,0,0
614,12/10/2021 05:00:00 AM,0,0,0,0,0,0
615,12/11/2021 05:00:00 AM,0,0,0,0,0,0
616,12/12/2021 05:00:00 AM,0,0,0,0,0,0
617,12/13/2021 05:00:00 AM,0,0,0,0,0,0
618,12/14/2021 05:00:00 AM,0,0,0,0,0,0
619,12/15/2021 05:00:00 AM,0,0,0,0,0,0
620,12/16/2021 05:00:00 AM,0,0,0,0,0,0
621,12/17/2021 05:00:00 AM,0,0,0,0,0,0
622,12/18/2021 05:00:00 AM,0,0,0,0,0,0
623,12/19/2021 05:00:00 AM,0,0,0,0,0,0
624,12/20/2021 05:00:00 AM,0,0,0,0,0,0
625,12/21/2021 05:00:00 AM,0,0,0,0,0,0
626,12/22/2021 05:00:00 AM,0,0,0,0,0,0
627,12/23/2021 05:00:00 AM,0,0,0,0,0,0
628,12/24/2021 05:00:00 AM,0,0,0,0,0,0
629,12/25/2021 05:00:00 AM,0,0,0,0,0,0
630,12/26/2021 05:00:00 AM,0,0,0,0,0,0
631,12/27/2021 05:00:00 AM,0,0,0,0,0,0
632,12/28/2021 05:00:00 AM,3947,5938,905,359,123,165
633,12/29/2021 05:00:00 AM,3967,5988,906,360,123,123
634,12/30/2021 05:00:00 AM,3982,6017,907,364,123,129
635,12/31/2021 05:00:00 AM,3990,6043,907,366,123,142
636,01/01/2022 05:00:00 AM,3993,6059,908,366,123,154
637,01/02/2022 05:00:00 AM,3994,6064,909,366,123,176
638,01/03/2022 05:00:00 AM,3994,6066,909,367,123,199
639,01/04/2022 05:00:00 AM,4005,6107,909,368,123,194
640,01/05/2022 05:00:00 AM,4013,6137,912,369,123,201
641,01/06/2022 05:00:00 AM,4025,6162,914,370,124,214
642,01/07/2022 05:00:00 AM,4048,6199,917,370,125,209
643,01/08/2022 05:00:00 AM,4062,6222,919,371,126,217
644,01/09/2022 05:00:00 AM,4070,6236,920,374,126,243
645,01/10/2022 05:00:00 AM,4072,6247,921,376,126,274
646,01/11/2022 05:00:00 AM,4085,6305,921,378,126,271
647,01/12/2022 05:00:00 AM,4115,6355,929,383,128,261
648,01/13/2022 05:00:00 AM,4139,6395,931,384,132,253
649,01/14/2022 05:00:00 AM,4154,6427,936,387,133,266
650,01/15/2022 05:00:00 AM,4179,6470,939,390,133,247
651,01/16/2022 05:00:00 AM,4189,6497,940,391,133,266
652,01/17/2022 05:00:00 AM,4190,6513,942,394,133,295
653,01/18/2022 05:00:00 AM,4204,6554,943,395,133,306
654,01/19/2022 05:00:00 AM,4221,6614,944,397,134,304
655,01/20/2022 05:00:00 AM,4249,6657,946,397,135,300
656,01/21/2022 05:00:00 AM,4274,6700,950,400,136,291
657,01/22/2022 05:00:00 AM,4301,6746,953,403,138,275
658,01/23/2022 05:00:00 AM,4308,6757,954,404,138,308
659,01/24/2022 05:00:00 AM,4309,6768,956,404,138,329
660,01/25/2022 05:00:00 AM,4341,6832,960,405,138,302
661,01/26/2022 05:00:00 AM,4367,6888,961,406,138,264
662,01/27/2022 05:00:00 AM,4399,6916,962,407,139,255
663,01/28/2022 05:00:00 AM,4430,6951,965,409,139,237
664,01/29/2022 05:00:00 AM,4460,6992,966,411,139,207
665,01/30/2022 05:00:00 AM,4465,7000,968,413,139,223
666,01/31/2022 05:00:00 AM,4465,7011,968,413,139,231
667,02/01/2022 05:00:00 AM,4482,7051,970,415,139,219
668,02/02/2022 05:00:00 AM,4498,7093,972,418,140,195
669,02/03/2022 05:00:00 AM,4518,7117,975,420,140,183
670,02/04/2022 05:00:00 AM,4529,7141,977,421,142,187
671,02/05/2022 05:00:00 AM,4541,7171,979,421,144,176
672,02/06/2022 05:00:00 AM,4549,7180,980,421,144,191
673,02/07/2022 05:00:00 AM,4550,7182,980,421,144,209
674,02/08/2022 05:00:00 AM,4565,7223,981,422,145,192
675,02/09/2022 05:00:00 AM,4586,7256,985,424,145,172
676,02/10/2022 05:00:00 AM,4603,7285,987,425,146,159
677,02/11/2022 05:00:00 AM,4617,7302,988,425,147,136
678,02/12/2022 05:00:00 AM,4630,7319,990,427,147,133
679,02/13/2022 05:00:00 AM,4636,7326,990,427,147,132
680,02/14/2022 05:00:00 AM,4638,7330,991,428,147,132
681,02/15/2022 05:00:00 AM,4647,7338,994,428,147,125
682,02/16/2022 05:00:00 AM,4660,7357,995,428,147,118
683,02/17/2022 05:00:00 AM,4669,7375,996,428,148,104
684,02/18/2022 05:00:00 AM,4681,7382,997,429,148,90
685,02/19/2022 05:00:00 AM,4692,7393,997,430,148,81
686,02/20/2022 05:00:00 AM,4693,7397,998,431,148,82
687,02/21/2022 05:00:00 AM,4694,7401,998,431,149,85
688,02/22/2022 05:00:00 AM,4701,7414,999,432,149,91
689,02/23/2022 05:00:00 AM,4707,7426,1000,433,149,84
690,02/24/2022 05:00:00 AM,4716,7444,1001,433,148,71
691,02/25/2022 05:00:00 AM,4722,7459,1001,433,148,65
692,02/26/2022 05:00:00 AM,4727,7467,1001,434,148,65
693,02/27/2022 05:00:00 AM,4728,7469,1001,435,148,75
694,02/28/2022 05:00:00 AM,4730,7475,1001,435,148,70
695,03/01/2022 05:00:00 AM,4736,7485,1001,436,148,66
696,03/02/2022 05:00:00 AM,4744,7493,1002,436,148,60
697,03/03/2022 05:00:00 AM,4752,7502,1003,436,148,56
698,03/04/2022 05:00:00 AM,4755,7515,1003,437,148,50
699,03/05/2022 05:00:00 AM,4758,7519,1004,437,148,47
700,03/06/2022 05:00:00 AM,4760,7519,1004,438,148,51
701,03/07/2022 05:00:00 AM,4760,7521,1004,438,148,54
702,03/08/2022 05:00:00 AM,4768,7530,1004,439,148,54
703,03/09/2022 05:00:00 AM,4776,7539,1004,439,148,49
704,03/10/2022 05:00:00 AM,4780,7544,1005,439,148,48
705,03/11/2022 05:00:00 AM,4783,7555,1005,440,148,41
706,03/12/2022 05:00:00 AM,4787,7562,1007,441,148,39
707,03/13/2022 06:00:00 AM,4790,7564,1007,441,148,46
708,03/14/2022 06:00:00 AM,4790,7566,1007,441,148,46
709,03/15/2022 06:00:00 AM,4794,7571,1008,442,148,43
710,03/16/2022 06:00:00 AM,4797,7578,1009,442,148,41
711,03/17/2022 06:00:00 AM,4800,7582,1009,442,148,37
712,03/18/2022 06:00:00 AM,4802,7587,1010,443,148,32
713,03/19/2022 06:00:00 AM,4805,7592,1010,443,148,31
714,03/20/2022 06:00:00 AM,4807,7593,1010,443,148,33
715,03/21/2022 06:00:00 AM,4808,7596,1010,443,148,35
716,03/22/2022 06:00:00 AM,4809,7604,1010,443,148,25
717,03/23/2022 06:00:00 AM,4811,7613,1011,443,148,21
718,03/24/2022 06:00:00 AM,4812,7615,1011,443,148,23
719,03/25/2022 06:00:00 AM,4812,7617,1011,443,148,23
720,03/26/2022 06:00:00 AM,4813,7621,1011,445,148,22
721,03/27/2022 06:00:00 AM,4813,7623,1011,445,148,22
722,03/28/2022 06:00:00 AM,4813,7624,1011,445,148,22
723,03/29/2022 06:00:00 AM,4812,7631,1011,445,148,20
724,03/30/2022 06:00:00 AM,4818,7636,1011,445,148,21
725,03/31/2022 06:00:00 AM,4821,7638,1012,445,148,17
726,04/01/2022 06:00:00 AM,4823,7640,1012,445,148,15
727,04/02/2022 06:00:00 AM,4825,7645,1012,445,149,15
728,04/03/2022 06:00:00 AM,4826,7646,1012,445,149,16
729,04/04/2022 06:00:00 AM,4827,7647,1012,445,149,17
730,04/05/2022 06:00:00 AM,4828,7647,1012,445,149,18
731,04/06/2022 06:00:00 AM,4830,7648,1012,445,149,17
732,04/07/2022 06:00:00 AM,4830,7648,1014,445,149,18
733,04/08/2022 06:00:00 AM,4832,7650,1014,445,149,17
734,04/09/2022 06:00:00 AM,,,,,,0
735,04/10/2022 06:00:00 AM,,,,,,0
736,04/11/2022 06:00:00 AM,4834,7653,1014,445,149,18
737,04/12/2022 06:00:00 AM,4836,7655,1015,445,149,21
738,04/13/2022 06:00:00 AM,4837,7660,1015,445,149,21
739,04/14/2022 06:00:00 AM,4841,7664,1016,445,149,16
740,04/15/2022 06:00:00 AM,4843,7666,1016,445,149,15
741,04/16/2022 06:00:00 AM,4844,7667,1016,445,149,16
742,04/17/2022 06:00:00 AM,,,,,,0
743,04/18/2022 06:00:00 AM,,,,,,0
744,04/19/2022 06:00:00 AM,4845,7670,1016,446,149,17
745,04/20/2022 06:00:00 AM,4848,7675,1016,446,149,14
746,04/21/2022 06:00:00 AM,4848,7678,1016,447,149,16
747,04/22/2022 06:00:00 AM,4848,7681,1016,447,149,17
748,04/23/2022 06:00:00 AM,4849,7685,1016,447,149,15
749,04/24/2022 06:00:00 AM,,,,,,0
750,04/25/2022 06:00:00 AM,,,,,,0
751,04/26/2022 06:00:00 AM,4852,7686,1016,447,149,20
752,04/27/2022 06:00:00 AM,4853,7691,1017,448,149,19
753,04/28/2022 06:00:00 AM,4853,7698,1017,448,149,20
754,04/29/2022 06:00:00 AM,4853,7702,1017,448,149,23
755,04/30/2022 06:00:00 AM,4856,7705,1017,448,149,23
756,05/01/2022 06:00:00 AM,,,,,,0
757,05/02/2022 06:00:00 AM,,,,,,0
758,05/03/2022 06:00:00 AM,4861,7709,1017,448,150,28
759,05/04/2022 06:00:00 AM,4863,7714,1017,448,150,23
760,05/05/2022 06:00:00 AM,4864,7721,1017,448,150,17
761,05/06/2022 06:00:00 AM,4866,7725,1017,448,150,15
762,05/07/2022 06:00:00 AM,4867,7728,1017,448,150,20
763,05/08/2022 06:00:00 AM,,,,,,0
764,05/09/2022 06:00:00 AM,,,,,,0
765,05/10/2022 06:00:00 AM,4870,7734,1017,448,150,21
766,05/11/2022 06:00:00 AM,4870,7742,1017,448,151,17
767,05/12/2022 06:00:00 AM,4874,7745,1017,448,151,19
768,05/13/2022 06:00:00 AM,4876,7746,1018,448,151,16
769,05/14/2022 06:00:00 AM,4876,7748,1018,448,151,18
770,05/15/2022 06:00:00 AM,,,,,,0
771,05/16/2022 06:00:00 AM,,,,,,0
772,05/17/2022 06:00:00 AM,4882,7755,1019,448,151,22
773,05/18/2022 06:00:00 AM,4883,7757,1019,448,151,22
774,05/19/2022 06:00:00 AM,4884,7758,1019,449,151,21
775,05/20/2022 06:00:00 AM,4887,7760,1019,450,151,18
776,05/21/2022 06:00:00 AM,4888,7761,1019,450,151,19
777,05/22/2022 06:00:00 AM,,,,,,0
778,05/23/2022 06:00:00 AM,,,,,,0
779,05/24/2022 06:00:00 AM,4888,7772,1019,451,151,21
780,05/25/2022 06:00:00 AM,4891,7781,1019,451,151,21
781,05/26/2022 06:00:00 AM,4892,7787,1019,451,151,25
782,05/27/2022 06:00:00 AM,4893,7789,1019,452,151,23
783,05/28/2022 06:00:00 AM,4893,7793,1019,452,151,22
784,05/29/2022 06:00:00 AM,,,,,,0
785,05/30/2022 06:00:00 AM,,,,,,0
786,05/31/2022 06:00:00 AM,,,,,,0
787,06/01/2022 06:00:00 AM,4897,7801,1019,451,151,27
788,06/02/2022 06:00:00 AM,4901,7804,1019,452,151,26
789,06/03/2022 06:00:00 AM,4904,7810,1019,451,153,25
790,06/04/2022 06:00:00 AM,4904,7811,1019,451,153,29
791,06/05/2022 06:00:00 AM,,,,,,0
792,06/06/2022 06:00:00 AM,,,,,,0
793,06/07/2022 06:00:00 AM,4907,7824,1020,451,153,29
794,06/08/2022 06:00:00 AM,4911,7829,1020,451,153,23
795,06/09/2022 06:00:00 AM,4912,7834,1020,451,153,23
796,06/10/2022 06:00:00 AM,4914,7839,1020,451,154,26
797,06/11/2022 06:00:00 AM,4917,7843,1020,451,154,26
798,06/12/2022 06:00:00 AM,,,,,,0
799,06/13/2022 06:00:00 AM,,,,,,0
800,06/14/2022 06:00:00 AM,4919,7854,1020,451,154,29
801,06/15/2022 06:00:00 AM,4923,7861,1020,451,154,26
802,06/16/2022 06:00:00 AM,4929,7864,1021,451,154,25
803,06/17/2022 06:00:00 AM,4935,7868,1020,452,154,23
804,06/18/2022 06:00:00 AM,4938,7876,1020,452,154,22
805,06/19/2022 06:00:00 AM,,,,,,0
806,06/20/2022 06:00:00 AM,,,,,,0
807,06/21/2022 06:00:00 AM,,,,,,0
808,06/22/2022 06:00:00 AM,4940,7888,1021,452,155,29
809,06/23/2022 06:00:00 AM,4942,7896,1021,452,155,23
810,06/24/2022 06:00:00 AM,4943,7897,1022,452,156,23
811,06/25/2022 06:00:00 AM,4946,7901,1022,452,156,21
812,06/26/2022 06:00:00 AM,,,,,,0
813,06/27/2022 06:00:00 AM,,,,,,0
814,06/28/2022 06:00:00 AM,4949,7906,1023,454,156,23
815,06/29/2022 06:00:00 AM,4951,7914,1023,454,156,19
816,06/30/2022 06:00:00 AM,4953,7917,1024,454,156,18
817,07/01/2022 06:00:00 AM,4953,7922,1025,454,156,17
818,07/02/2022 06:00:00 AM,4954,7928,1026,454,156,20
819,07/03/2022 06:00:00 AM,,,,,,0
820,07/04/2022 06:00:00 AM,,,,,,0
821,07/05/2022 06:00:00 AM,,,,,,0
822,07/06/2022 06:00:00 AM,4957,7943,1028,454,156,21
823,07/07/2022 06:00:00 AM,4957,7945,1028,454,156,21
824,07/08/2022 06:00:00 AM,4959,7949,1028,454,156,22
825,07/09/2022 06:00:00 AM,4960,7953,1028,454,157,19
826,07/10/2022 06:00:00 AM,,,,,,0
827,07/11/2022 06:00:00 AM,,,,,,0
828,07/12/2022 06:00:00 AM,4962,7962,1028,454,157,22
829,07/13/2022 06:00:00 AM,4963,7968,1028,456,157,22
830,07/14/2022 06:00:00 AM,4965,7971,1028,456,157,22
831,07/15/2022 06:00:00 AM,4965,7975,1028,456,157,28
832,07/16/2022 06:00:00 AM,4966,7982,1030,456,158,22
833,07/17/2022 06:00:00 AM,,,,,,0
834,07/18/2022 06:00:00 AM,,,,,,0
835,07/19/2022 06:00:00 AM,4967,7990,1030,456,158,26
836,07/20/2022 06:00:00 AM,4969,7992,1030,456,158,24
837,07/21/2022 06:00:00 AM,4971,8001,1030,456,159,19
838,07/22/2022 06:00:00 AM,4974,8002,1030,456,159,23
839,07/23/2022 06:00:00 AM,4977,8006,1030,457,159,22
840,07/24/2022 06:00:00 AM,,,,,,0
841,07/25/2022 06:00:00 AM,,,,,,0
842,07/26/2022 06:00:00 AM,4980,8018,1030,457,159,29
843,07/27/2022 06:00:00 AM,4984,8032,1031,457,159,30
844,07/28/2022 06:00:00 AM,4987,8043,1031,457,159,27
845,07/29/2022 06:00:00 AM,4989,8047,1031,457,159,21
846,07/30/2022 06:00:00 AM,4995,8052,1031,457,159,21
847,07/31/2022 06:00:00 AM,,,,,,0
848,08/01/2022 06:00:00 AM,,,,,,0
849,08/02/2022 06:00:00 AM,4999,8061,1031,457,159,19
850,08/03/2022 06:00:00 AM,5000,8064,1031,458,159,25
851,08/04/2022 06:00:00 AM,5001,8066,1031,458,159,22
852,08/05/2022 06:00:00 AM,5004,8070,1031,458,159,20
853,08/06/2022 06:00:00 AM,5005,8075,1031,458,159,18
854,08/07/2022 06:00:00 AM,,,,,,0
855,08/08/2022 06:00:00 AM,,,,,,0
856,08/09/2022 06:00:00 AM,5007,8080,1032,458,159,25
857,08/10/2022 06:00:00 AM,5010,8089,1032,458,159,24
858,08/11/2022 06:00:00 AM,5010,8100,1032,459,159,24
859,08/12/2022 06:00:00 AM,5013,8108,1032,459,159,19
860,08/13/2022 06:00:00 AM,5016,8108,1032,459,159,20
861,08/14/2022 06:00:00 AM,,,,,,0
862,08/15/2022 06:00:00 AM,,,,,,0
863,08/16/2022 06:00:00 AM,5017,8125,1032,460,159,22
864,08/17/2022 06:00:00 AM,5021,8131,1034,461,159,18
865,08/18/2022 06:00:00 AM,5024,8136,1034,461,159,18
866,08/19/2022 06:00:00 AM,5024,8139,1034,461,159,21
867,08/20/2022 06:00:00 AM,5025,8144,1034,461,159,22
868,08/21/2022 06:00:00 AM,,,,,,0
869,08/22/2022 06:00:00 AM,,,,,,0
870,08/23/2022 06:00:00 AM,5027,8153,1034,462,160,21
871,08/24/2022 06:00:00 AM,5030,8160,1034,462,160,19
872,08/25/2022 06:00:00 AM,5030,8168,1034,462,161,21
873,08/26/2022 06:00:00 AM,5031,8173,1036,462,161,19
874,08/27/2022 06:00:00 AM,5032,8177,1036,463,161,21
875,08/28/2022 06:00:00 AM,,,,,,0
876,08/29/2022 06:00:00 AM,,,,,,0
877,08/30/2022 06:00:00 AM,5036,8188,1037,463,161,21
878,08/31/2022 06:00:00 AM,5039,8195,1038,463,161,23
879,09/01/2022 06:00:00 AM,5040,8199,1040,464,161,21
880,09/02/2022 06:00:00 AM,5043,8206,1041,465,161,14
881,09/03/2022 06:00:00 AM,5044,8209,1041,465,161,17
882,09/04/2022 06:00:00 AM,,,,,,0
883,09/05/2022 06:00:00 AM,,,,,,0
884,09/06/2022 06:00:00 AM,,,,,,0
885,09/07/2022 06:00:00 AM,5048,8223,1041,465,161,19
886,09/08/2022 06:00:00 AM,5049,8227,1041,465,161,21
887,09/09/2022 06:00:00 AM,5051,8235,1042,466,161,22
888,09/10/2022 06:00:00 AM,5051,8242,1043,466,161,23
889,09/11/2022 06:00:00 AM,,,,,,0
890,09/12/2022 06:00:00 AM,,,,,,0
891,09/13/2022 06:00:00 AM,5054,8249,1045,467,162,26
892,09/14/2022 06:00:00 AM,5056,8254,1046,467,162,29
893,09/15/2022 06:00:00 AM,5060,8258,1046,467,162,30
894,09/16/2022 06:00:00 AM,5065,8261,1046,467,162,29
895,09/17/2022 06:00:00 AM,5066,8269,1046,469,162,28
896,09/18/2022 06:00:00 AM,,,,,,0
897,09/19/2022 06:00:00 AM,,,,,,0
898,09/20/2022 06:00:00 AM,5066,8285,1048,469,163,27
899,09/21/2022 06:00:00 AM,5068,8294,1048,469,163,27
900,09/22/2022 06:00:00 AM,5072,8297,1049,469,164,25
901,09/23/2022 06:00:00 AM,5074,8302,1049,469,164,22
902,09/24/2022 06:00:00 AM,5075,8307,1049,469,164,25
903,09/25/2022 06:00:00 AM,,,,,,0
904,09/26/2022 06:00:00 AM,,,,,,0
905,09/27/2022 06:00:00 AM,5079,8318,1049,470,164,25
906,09/28/2022 06:00:00 AM,5081,8323,1050,471,164,26
907,09/29/2022 06:00:00 AM,5082,8330,1050,471,164,22
908,09/30/2022 06:00:00 AM,5086,8334,1050,471,165,21
909,10/01/2022 06:00:00 AM,5089,8338,1049,471,165,18
910,10/02/2022 06:00:00 AM,,,,,,0
911,10/03/2022 06:00:00 AM,,,,,,0
912,10/04/2022 06:00:00 AM,5091,8343,1051,471,165,19
913,10/05/2022 06:00:00 AM,5094,8347,1051,471,165,18
914,10/06/2022 06:00:00 AM,5095,8351,1051,471,165,14
915,10/07/2022 06:00:00 AM,5095,8354,1051,472,165,14
916,10/08/2022 06:00:00 AM,5096,8358,1051,472,165,13
917,10/09/2022 06:00:00 AM,,,,,,0
918,10/10/2022 06:00:00 AM,,,,,,0
919,10/11/2022 06:00:00 AM,,,,,,0
920,10/12/2022 06:00:00 AM,5099,8371,1052,473,165,23
921,10/13/2022 06:00:00 AM,5100,8382,1052,474,165,19
922,10/14/2022 06:00:00 AM,5103,8383,1053,474,165,19
923,10/15/2022 06:00:00 AM,5104,8388,1053,474,165,22
924,10/16/2022 06:00:00 AM,,,,,,0
925,10/17/2022 06:00:00 AM,,,,,,0
926,10/18/2022 06:00:00 AM,5105,8396,1053,477,165,25
927,10/19/2022 06:00:00 AM,5105,8403,1053,477,165,21
928,10/20/2022 06:00:00 AM,5107,8404,1053,477,165,20
929,10/21/2022 06:00:00 AM,5109,8407,1053,477,165,21
930,10/22/2022 06:00:00 AM,5110,8410,1053,477,165,24
931,10/23/2022 06:00:00 AM,,,,,,0
932,10/24/2022 06:00:00 AM,,,,,,0
933,10/25/2022 06:00:00 AM,5112,8415,1053,477,165,34
934,10/26/2022 06:00:00 AM,5114,8426,1053,477,165,22
935,10/27/2022 06:00:00 AM,5116,8430,1053,478,165,23
936,10/28/2022 06:00:00 AM,5118,8437,1054,478,165,24
937,10/29/2022 06:00:00 AM,5120,8443,1054,478,165,24
938,10/30/2022 06:00:00 AM,,,,,,0
939,10/31/2022 06:00:00 AM,,,,,,0
940,11/01/2022 06:00:00 AM,5124,8451,1054,479,165,20
941,11/02/2022 06:00:00 AM,5129,8460,1054,479,165,17
942,11/03/2022 06:00:00 AM,5130,8462,1054,479,165,21
943,11/04/2022 06:00:00 AM,5131,8465,1054,480,165,23
944,11/05/2022 06:00:00 AM,5131,8469,1054,481,165,19
945,11/06/2022 05:00:00 AM,,,,,,0
946,11/07/2022 05:00:00 AM,,,,,,0
947,11/08/2022 05:00:00 AM,5132,8475,1054,481,165,22
948,11/09/2022 05:00:00 AM,,,,,,0
949,11/10/2022 05:00:00 AM,5134,8484,1054,482,165,20
950,11/11/2022 05:00:00 AM,5136,8490,1054,482,165,17
951,11/12/2022 05:00:00 AM,,,,,,0
952,11/13/2022 05:00:00 AM,,,,,,0
953,11/14/2022 05:00:00 AM,,,,,,0
954,11/15/2022 05:00:00 AM,5140,8502,1054,482,165,26
955,11/16/2022 05:00:00 AM,5143,8509,1054,483,165,23
956,11/17/2022 05:00:00 AM,5145,8513,1054,483,165,22
957,11/18/2022 05:00:00 AM,5149,8515,1055,483,165,18
958,11/19/2022 05:00:00 AM,5149,8523,1055,483,165,18
959,11/20/2022 05:00:00 AM,,,,,,0
960,11/21/2022 05:00:00 AM,,,,,,0
961,11/22/2022 05:00:00 AM,5151,8533,1055,483,166,23
962,11/23/2022 05:00:00 AM,5155,8537,1055,484,166,19
963,11/24/2022 05:00:00 AM,5157,8544,1055,484,167,20
964,11/25/2022 05:00:00 AM,,,,,,0
965,11/26/2022 05:00:00 AM,,,,,,0
966,11/27/2022 05:00:00 AM,,,,,,0
967,11/28/2022 05:00:00 AM,,,,,,0
968,11/29/2022 05:00:00 AM,5158,8556,1056,484,167,29
969,11/30/2022 05:00:00 AM,5159,8567,1056,486,167,25
970,12/01/2022 05:00:00 AM,5160,8571,1056,486,167,31
971,12/02/2022 05:00:00 AM,5160,8577,1056,486,167,28
972,12/03/2022 05:00:00 AM,5162,8585,1056,487,167,25
973,12/04/2022 05:00:00 AM,,,,,,0
974,12/05/2022 05:00:00 AM,,,,,,0
975,12/06/2022 05:00:00 AM,5167,8593,1056,487,167,31
976,12/07/2022 05:00:00 AM,5167,8605,1056,487,167,29
977,12/08/2022 05:00:00 AM,5168,8611,1056,487,168,28
978,12/09/2022 05:00:00 AM,5171,8615,1056,487,169,28
979,12/10/2022 05:00:00 AM,5174,8620,1057,487,169,27
980,12/11/2022 05:00:00 AM,,,,,,0
981,12/12/2022 05:00:00 AM,,,,,,0
982,12/13/2022 05:00:00 AM,5179,8630,1058,487,170,27
983,12/14/2022 05:00:00 AM,5180,8637,1058,487,170,24
984,12/15/2022 05:00:00 AM,5182,8644,1058,487,170,26
985,12/16/2022 05:00:00 AM,5184,8650,1058,487,170,26
986,12/17/2022 05:00:00 AM,5184,8652,1058,487,170,26
987,12/18/2022 05:00:00 AM,,,,,,0
988,12/19/2022 05:00:00 AM,,,,,,0
989,12/20/2022 05:00:00 AM,5185,8668,1058,487,170,37
990,12/21/2022 05:00:00 AM,5189,8676,1058,487,170,34
991,12/22/2022 05:00:00 AM,5192,8683,1058,487,171,33
992,12/23/2022 05:00:00 AM,5195,8687,1058,487,171,33
993,12/24/2022 05:00:00 AM,,,,,,0
994,12/25/2022 05:00:00 AM,,,,,,0
995,12/26/2022 05:00:00 AM,,,,,,0
996,12/27/2022 05:00:00 AM,,,,,,0
997,12/28/2022 05:00:00 AM,5204,8706,1058,487,171,38
998,12/29/2022 05:00:00 AM,5205,8717,1059,487,171,39
999,12/30/2022 05:00:00 AM,5208,8727,1059,487,172,38
1000,12/31/2022 05:00:00 AM,5210,8734,1059,487,172,35
1001,01/01/2023 05:00:00 AM,,,,,,0
1002,01/02/2023 05:00:00 AM,,,,,,0
1003,01/03/2023 05:00:00 AM,,,,,,0
1004,01/04/2023 05:00:00 AM,5217,8760,1060,488,173,34
1005,01/05/2023 05:00:00 AM,5218,8770,1062,489,173,37
1006,01/06/2023 05:00:00 AM,5221,8782,1062,489,173,35
1007,01/07/2023 05:00:00 AM,5223,8787,1062,491,173,37
1008,01/08/2023 05:00:00 AM,,,,,,0
1009,01/09/2023 05:00:00 AM,,,,,,0
1010,01/10/2023 05:00:00 AM,5227,8807,1063,492,173,38
1011,01/11/2023 05:00:00 AM,5230,8819,1063,492,173,32
1012,01/12/2023 05:00:00 AM,5233,8826,1064,492,173,28
1013,01/13/2023 05:00:00 AM,5236,8831,1064,492,173,33
1014,01/14/2023 05:00:00 AM,5237,8842,1064,493,174,33
1015,01/15/2023 05:00:00 AM,,,,,,0
1016,01/16/2023 05:00:00 AM,,,,,,0
1017,01/17/2023 05:00:00 AM,,,,,,0
1018,01/18/2023 05:00:00 AM,5242,8868,1064,495,174,39
1019,01/19/2023 05:00:00 AM,5246,8877,1064,496,174,32
1020,01/20/2023 05:00:00 AM,5249,8885,1064,496,174,30
1021,01/21/2023 05:00:00 AM,5250,8892,1065,498,174,37
1022,01/22/2023 05:00:00 AM,,,,,,0
1023,01/23/2023 05:00:00 AM,,,,,,0
1024,01/24/2023 05:00:00 AM,5258,8914,1065,498,174,31
1025,01/25/2023 05:00:00 AM,5260,8918,1066,498,174,31
1026,01/26/2023 05:00:00 AM,5262,8923,1066,498,175,28
1027,01/27/2023 05:00:00 AM,5263,8926,1066,499,175,33
1028,01/28/2023 05:00:00 AM,5265,8932,1066,499,175,34
1029,01/29/2023 05:00:00 AM,,,,,,0
1030,01/30/2023 05:00:00 AM,,,,,,0
1031,01/31/2023 05:00:00 AM,5269,8944,1066,499,175,34
1032,02/01/2023 05:00:00 AM,5273,8951,1066,501,175,34
1033,02/02/2023 05:00:00 AM,5277,8958,1066,501,176,34
1034,02/03/2023 05:00:00 AM,5279,8966,1066,501,176,33
1035,02/04/2023 05:00:00 AM,5282,8978,1066,501,176,32
1036,02/05/2023 05:00:00 AM,,,,,,0
1037,02/06/2023 05:00:00 AM,,,,,,0
1038,02/07/2023 05:00:00 AM,5286,8988,1066,503,176,35
1039,02/08/2023 05:00:00 AM,5293,8994,1067,503,176,29
1040,02/09/2023 05:00:00 AM,5297,9001,1067,503,177,23
1041,02/10/2023 05:00:00 AM,5298,9008,1067,503,177,25
1042,02/11/2023 05:00:00 AM,5300,9010,1067,503,177,27
1043,02/12/2023 05:00:00 AM,,,,,,0
1044,02/13/2023 05:00:00 AM,,,,,,0
1045,02/14/2023 05:00:00 AM,5306,9020,1068,504,177,35
1046,02/15/2023 05:00:00 AM,5307,9029,1068,506,177,31
1047,02/16/2023 05:00:00 AM,5307,9040,1068,506,177,24
1048,02/17/2023 05:00:00 AM,5310,9047,1068,506,177,24
1049,02/18/2023 05:00:00 AM,5315,9049,1068,506,177,20
1050,02/19/2023 05:00:00 AM,,,,,,0
1051,02/20/2023 05:00:00 AM,,,,,,0
1052,02/21/2023 05:00:00 AM,,,,,,0
1053,02/22/2023 05:00:00 AM,5321,9063,1068,506,177,27
1054,02/23/2023 05:00:00 AM,5323,9070,1068,506,178,19
1055,02/24/2023 05:00:00 AM,5324,9074,1069,506,178,21
1056,02/25/2023 05:00:00 AM,5325,9076,1069,506,178,28
1057,02/26/2023 05:00:00 AM,,,,,,0
1058,02/27/2023 05:00:00 AM,,,,,,0
1059,02/28/2023 05:00:00 AM,5328,9090,1070,507,178,26
1060,03/01/2023 05:00:00 AM,5331,9100,1070,508,178,25
1061,03/02/2023 05:00:00 AM,5333,9109,1071,508,178,24
1062,03/03/2023 05:00:00 AM,5335,9113,1071,508,179,23
1063,03/04/2023 05:00:00 AM,5338,9117,1071,508,179,23
1064,03/05/2023 05:00:00 AM,,,,,,0
1065,03/06/2023 05:00:00 AM,,,,,,0
1066,03/07/2023 05:00:00 AM,5343,9129,1071,508,179,20
1067,03/08/2023 05:00:00 AM,5345,9135,1071,508,179,20
1068,03/09/2023 05:00:00 AM,5345,9139,1071,508,179,25
1069,03/10/2023 05:00:00 AM,5348,9141,1071,508,180,23
1070,03/11/2023 05:00:00 AM,5352,9147,1071,508,180,18
1071,03/12/2023 06:00:00 AM,,,,,,0
1072,03/13/2023 06:00:00 AM,,,,,,0
1073,03/14/2023 06:00:00 AM,5354,9154,1073,510,180,19
1074,03/15/2023 06:00:00 AM,5355,9154,1073,509,180,22
1075,03/16/2023 06:00:00 AM,5356,9158,1073,509,180,22
1076,03/17/2023 06:00:00 AM,5358,9162,1073,509,180,24
1077,03/18/2023 06:00:00 AM,5360,9165,1073,509,180,22
1078,03/19/2023 06:00:00 AM,,,,,,0
1079,03/20/2023 06:00:00 AM,,,,,,0
1080,03/21/2023 06:00:00 AM,5364,9170,1073,509,180,22
1081,03/22/2023 06:00:00 AM,5368,9175,1074,509,181,19
1082,03/23/2023 06:00:00 AM,5370,9179,1074,510,181,16
1083,03/24/2023 06:00:00 AM,5371,9181,1074,511,181,15
1084,03/25/2023 06:00:00 AM,5371,9182,1074,511,181,17
1085,03/26/2023 06:00:00 AM,,,,,,0
1086,03/27/2023 06:00:00 AM,,,,,,0
1087,03/28/2023 06:00:00 AM,5374,9187,1074,511,181,21
1088,03/29/2023 06:00:00 AM,5375,9193,1074,511,181,18
1089,03/30/2023 06:00:00 AM,5376,9197,1074,511,181,18
1090,03/31/2023 06:00:00 AM,5377,9199,1075,511,181,16
1091,04/01/2023 06:00:00 AM,5377,9204,1075,511,181,15
1092,04/02/2023 06:00:00 AM,,,,,,0
1093,04/03/2023 06:00:00 AM,,,,,,0
1094,04/04/2023 06:00:00 AM,5380,9209,1075,511,181,19
1095,04/05/2023 06:00:00 AM,5380,9210,1075,511,181,18
1096,04/06/2023 06:00:00 AM,5381,9214,1075,511,181,15
1097,04/07/2023 06:00:00 AM,5381,9217,1075,511,181,18
1098,04/08/2023 06:00:00 AM,5382,9221,1075,511,181,16
1099,04/09/2023 06:00:00 AM,,,,,,0
1100,04/10/2023 06:00:00 AM,,,,,,0
1101,04/11/2023 06:00:00 AM,5383,9227,1075,512,182,14
1102,04/12/2023 06:00:00 AM,5383,9231,1075,512,182,17
1103,04/13/2023 06:00:00 AM,5384,9232,1076,513,182,17
1104,04/14/2023 06:00:00 AM,5384,9236,1076,513,182,17
1105,04/15/2023 06:00:00 AM,5385,9239,1076,513,182,16
1106,04/16/2023 06:00:00 AM,,,,,,0
1107,04/17/2023 06:00:00 AM,,,,,,0
1108,04/18/2023 06:00:00 AM,5387,9242,1076,514,183,15
1109,04/19/2023 06:00:00 AM,5389,9245,1076,515,183,14
1110,04/20/2023 06:00:00 AM,5389,9246,1076,515,183,16
1111,04/21/2023 06:00:00 AM,5388,9248,1076,515,183,15
1112,04/22/2023 06:00:00 AM,5389,9251,1076,515,183,12
1113,04/23/2023 06:00:00 AM,,,,,,0
1114,04/24/2023 06:00:00 AM,,,,,,0
1115,04/25/2023 06:00:00 AM,5389,9252,1076,516,183,13
1116,04/26/2023 06:00:00 AM,5391,9253,1076,516,183,14
1117,04/27/2023 06:00:00 AM,5391,9256,1076,516,183,13
1118,04/28/2023 06:00:00 AM,5391,9258,1076,516,183,15
1119,04/29/2023 06:00:00 AM,5392,9260,1076,516,183,17
1120,04/30/2023 06:00:00 AM,,,,,,0
1121,05/01/2023 06:00:00 AM,,,,,,0
1122,05/02/2023 06:00:00 AM,5393,9266,1077,516,183,15
1123,05/03/2023 06:00:00 AM,5393,9267,1077,516,183,17
1124,05/04/2023 06:00:00 AM,5393,9269,1077,516,183,15
1125,05/05/2023 06:00:00 AM,5393,9271,1077,516,183,15
1126,05/06/2023 06:00:00 AM,5394,9274,1077,516,183,13
1127,05/07/2023 06:00:00 AM,,,,,,0
1128,05/08/2023 06:00:00 AM,,,,,,0
1129,05/09/2023 06:00:00 AM,5397,9275,1077,516,183,14
1130,05/10/2023 06:00:00 AM,5397,9277,1077,516,183,14
1131,05/11/2023 06:00:00 AM,5398,9277,1077,516,183,12
1132,05/12/2023 06:00:00 AM,5398,9278,1077,516,183,12
1133,05/13/2023 06:00:00 AM,5399,9279,1077,516,183,11
1134,05/14/2023 06:00:00 AM,,,,,,0
1135,05/15/2023 06:00:00 AM,,,,,,0
1136,05/16/2023 06:00:00 AM,5399,9281,1077,516,183,13
1137,05/17/2023 06:00:00 AM,5399,9282,1077,516,183,15
1138,05/18/2023 06:00:00 AM,5399,9284,1078,516,183,12
1139,05/19/2023 06:00:00 AM,5399,9286,1077,516,183,12
1140,05/20/2023 06:00:00 AM,5399,9289,1077,517,183,10
1141,05/21/2023 06:00:00 AM,,,,,,0
1142,05/22/2023 06:00:00 AM,,,,,,0
1143,05/23/2023 06:00:00 AM,5400,9289,1077,517,183,14
1144,05/24/2023 06:00:00 AM,5400,9290,1077,517,183,15
1145,05/25/2023 06:00:00 AM,5400,9292,1077,517,183,13
1146,05/26/2023 06:00:00 AM,5400,9293,1077,517,183,13
1147,05/27/2023 06:00:00 AM,5401,9295,1077,518,183,13
1148,05/28/2023 06:00:00 AM,,,,,,0
1149,05/29/2023 06:00:00 AM,,,,,,0
1150,05/30/2023 06:00:00 AM,,,,,,0
1151,05/31/2023 06:00:00 AM,5402,9298,1077,518,183,11
1152,06/01/2023 06:00:00 AM,5402,9298,1077,518,183,12
1153,06/02/2023 06:00:00 AM,5402,9299,1077,518,183,13
1154,06/03/2023 06:00:00 AM,5402,9300,1077,518,183,13
1155,06/04/2023 06:00:00 AM,,,,,,0
1156,06/05/2023 06:00:00 AM,,,,,,0
1157,06/06/2023 06:00:00 AM,5401,9303,1077,518,183,12
1158,06/07/2023 06:00:00 AM,5402,9304,1077,518,183,11
1159,06/08/2023 06:00:00 AM,5403,9305,1077,518,183,11
1160,06/09/2023 06:00:00 AM,5404,9306,1077,518,183,11
1161,06/10/2023 06:00:00 AM,5405,9306,1078,519,183,11
1162,06/11/2023 06:00:00 AM,,,,,,0
1163,06/12/2023 06:00:00 AM,,,,,,0
1164,06/13/2023 06:00:00 AM,5405,9309,1078,519,183,12
1165,06/14/2023 06:00:00 AM,5405,9312,1078,519,183,12
1166,06/15/2023 06:00:00 AM,5407,9312,1078,519,183,14
1167,06/16/2023 06:00:00 AM,5407,9313,1078,519,184,14
1168,06/17/2023 06:00:00 AM,5408,9316,1078,519,184,11
1169,06/18/2023 06:00:00 AM,,,,,,0
1170,06/19/2023 06:00:00 AM,,,,,,0
1171,06/20/2023 06:00:00 AM,,,,,,0
1172,06/21/2023 06:00:00 AM,5409,9321,1078,520,184,12
1173,06/22/2023 06:00:00 AM,5409,9322,1078,521,184,10
1174,06/23/2023 06:00:00 AM,5409,9322,1078,522,184,13
1175,06/24/2023 06:00:00 AM,5410,9321,1078,522,184,14
1176,06/25/2023 06:00:00 AM,,,,,,0
1177,06/26/2023 06:00:00 AM,,,,,,0
1178,06/27/2023 06:00:00 AM,5410,9323,1079,522,184,12
1179,06/28/2023 06:00:00 AM,5410,9324,1079,522,184,12
1180,06/29/2023 06:00:00 AM,5412,9324,1079,522,185,11
1181,06/30/2023 06:00:00 AM,5412,9324,1079,522,185,13
1182,07/01/2023 06:00:00 AM,5412,9326,1079,522,185,11
1183,07/02/2023 06:00:00 AM,,,,,,0
1184,07/03/2023 06:00:00 AM,,,,,,0
1185,07/04/2023 06:00:00 AM,5413,9327,1079,522,185,11
1186,07/05/2023 06:00:00 AM,,,,,,0
1187,07/06/2023 06:00:00 AM,5413,9328,1079,522,185,14
1188,07/07/2023 06:00:00 AM,5413,9328,1079,522,185,15
1189,07/08/2023 06:00:00 AM,5414,9329,1079,522,185,13
1190,07/09/2023 06:00:00 AM,,,,,,0
1191,07/10/2023 06:00:00 AM,,,,,,0
1192,07/11/2023 06:00:00 AM,5416,9334,1079,522,185,12
1193,07/12/2023 06:00:00 AM,5417,9334,1079,522,185,14
1194,07/13/2023 06:00:00 AM,5417,9336,1079,522,185,12
1195,07/14/2023 06:00:00 AM,5417,9336,1079,522,185,13
1196,07/15/2023 06:00:00 AM,5417,9336,1079,522,185,14
1197,07/16/2023 06:00:00 AM,,,,,,0
1198,07/17/2023 06:00:00 AM,,,,,,0
1199,07/18/2023 06:00:00 AM,5419,9338,1079,522,185,11
1200,07/19/2023 06:00:00 AM,5419,9339,1080,522,185,10
1201,07/20/2023 06:00:00 AM,5419,9340,1080,522,185,11
1202,07/21/2023 06:00:00 AM,5419,9340,1080,522,185,12
1203,07/22/2023 06:00:00 AM,5419,9341,1080,523,185,13
1204,07/23/2023 06:00:00 AM,,,,,,0
1205,07/24/2023 06:00:00 AM,,,,,,0
1206,07/25/2023 06:00:00 AM,5419,9342,1080,523,185,15
1207,07/26/2023 06:00:00 AM,5419,9343,1080,523,185,16
1208,07/27/2023 06:00:00 AM,5421,9344,1080,523,185,14
1209,07/28/2023 06:00:00 AM,5421,9346,1080,523,185,14
1210,07/29/2023 06:00:00 AM,5421,9348,1080,523,185,13
1211,07/30/2023 06:00:00 AM,,,,,,0
1212,07/31/2023 06:00:00 AM,,,,,,0
1213,08/01/2023 06:00:00 AM,5422,9350,1080,523,185,11
1214,08/02/2023 06:00:00 AM,5422,9351,1080,523,185,12
1215,08/03/2023 06:00:00 AM,5422,9351,1080,523,185,12
1216,08/04/2023 06:00:00 AM,5423,9351,1080,523,185,12
1217,08/05/2023 06:00:00 AM,5423,9351,1080,523,185,14
1218,08/06/2023 06:00:00 AM,,,,,,0
1219,08/07/2023 06:00:00 AM,,,,,,0
1220,08/08/2023 06:00:00 AM,5423,9354,1080,524,185,15
1221,08/09/2023 06:00:00 AM,5423,9356,1080,524,185,16
1222,08/10/2023 06:00:00 AM,5424,9358,1080,525,185,14
1223,08/11/2023 06:00:00 AM,5425,9360,1080,525,185,13
1224,08/12/2023 06:00:00 AM,5425,9362,1080,525,186,12
1225,08/13/2023 06:00:00 AM,,,,,,0
1226,08/14/2023 06:00:00 AM,,,,,,0
1227,08/15/2023 06:00:00 AM,5426,9363,1080,525,186,15
1228,08/16/2023 06:00:00 AM,5428,9366,1080,525,186,13
1229,08/17/2023 06:00:00 AM,5429,9369,1080,526,186,12
1230,08/18/2023 06:00:00 AM,5429,9370,1080,526,186,13
1231,08/19/2023 06:00:00 AM,5429,9371,1080,527,186,14
1232,08/20/2023 06:00:00 AM,,,,,,0
1233,08/21/2023 06:00:00 AM,,,,,,0
1234,08/22/2023 06:00:00 AM,5431,9378,1080,527,186,23
1235,08/23/2023 06:00:00 AM,5432,9386,1081,527,186,14
1236,08/24/2023 06:00:00 AM,5432,9387,1081,527,186,15
1237,08/25/2023 06:00:00 AM,5433,9389,1081,527,186,15
1238,08/26/2023 06:00:00 AM,5434,9391,1082,527,186,14
1239,08/27/2023 06:00:00 AM,,,,,,0
1240,08/28/2023 06:00:00 AM,,,,,,0
1241,08/29/2023 06:00:00 AM,5435,9393,1082,527,186,14
1242,08/30/2023 06:00:00 AM,5435,9395,1082,527,186,13
1243,08/31/2023 06:00:00 AM,5435,9396,1082,527,186,14
1244,09/01/2023 06:00:00 AM,5436,9398,1082,527,186,15
1245,09/02/2023 06:00:00 AM,5436,9399,1082,527,187,14
1246,09/03/2023 06:00:00 AM,,,,,,0
1247,09/04/2023 06:00:00 AM,,,,,,0
1248,09/05/2023 06:00:00 AM,,,,,,0
1249,09/06/2023 06:00:00 AM,5437,9402,1082,527,187,16
1250,09/07/2023 06:00:00 AM,5440,9405,1082,527,187,13
1251,09/08/2023 06:00:00 AM,5440,9405,1082,527,187,15
1252,09/09/2023 06:00:00 AM,5442,9409,1082,527,187,13
1253,09/10/2023 06:00:00 AM,,,,,,0
1254,09/11/2023 06:00:00 AM,,,,,,0
1255,09/12/2023 06:00:00 AM,5443,9412,1082,527,187,14
1256,09/13/2023 06:00:00 AM,5443,9416,1082,527,187,20
1257,09/14/2023 06:00:00 AM,5443,9422,1082,527,187,19
1258,09/15/2023 06:00:00 AM,5444,9424,1082,527,187,22
1259,09/16/2023 06:00:00 AM,5444,9429,1082,527,187,19
1260,09/17/2023 06:00:00 AM,,,,,,0
1261,09/18/2023 06:00:00 AM,,,,,,0
1262,09/19/2023 06:00:00 AM,5448,9433,1082,527,187,20
1263,09/20/2023 06:00:00 AM,5448,9439,1082,527,187,18
1264,09/21/2023 06:00:00 AM,5449,9442,1082,527,187,18
1265,09/22/2023 06:00:00 AM,5451,9445,1082,527,187,17
1266,09/23/2023 06:00:00 AM,5452,9446,1082,527,187,20
1267,09/24/2023 06:00:00 AM,,,,,,0
1268,09/25/2023 06:00:00 AM,,,,,,0
1269,09/26/2023 06:00:00 AM,5452,9451,1082,527,187,22
1270,09/27/2023 06:00:00 AM,5454,9454,1082,527,187,22
1271,09/28/2023 06:00:00 AM,5454,9456,1082,527,187,20
1272,09/29/2023 06:00:00 AM,5457,9457,1082,527,187,16
1273,09/30/2023 06:00:00 AM,5458,9458,1082,527,187,18
1274,10/01/2023 06:00:00 AM,,,,,,0
1275,10/02/2023 06:00:00 AM,,,,,,0
1276,10/03/2023 06:00:00 AM,5459,9463,1082,527,187,17
1277,10/04/2023 06:00:00 AM,5459,9468,1082,527,187,17
1278,10/05/2023 06:00:00 AM,5462,9471,1082,527,187,18
1279,10/06/2023 06:00:00 AM,5464,9471,1082,527,187,17
1280,10/07/2023 06:00:00 AM,5465,9475,1082,527,187,16
1281,10/08/2023 06:00:00 AM,,,,,,0
1282,10/09/2023 06:00:00 AM,,,,,,0
1283,10/10/2023 06:00:00 AM,,,,,,0
1284,10/11/2023 06:00:00 AM,5467,9482,1082,527,187,19
1285,10/12/2023 06:00:00 AM,5469,9484,1082,527,187,17
1286,10/13/2023 06:00:00 AM,5470,9487,1082,528,187,17
1287,10/14/2023 06:00:00 AM,5471,9492,1082,528,187,15
1288,10/15/2023 06:00:00 AM,,,,,,0
1289,10/16/2023 06:00:00 AM,,,,,,0
1290,10/17/2023 06:00:00 AM,5471,9500,1082,528,187,21
1291,10/18/2023 06:00:00 AM,5472,9506,1082,528,187,18
1292,10/19/2023 06:00:00 AM,5474,9509,1082,528,187,15
1293,10/20/2023 06:00:00 AM,5474,9510,1082,528,187,17
1294,10/21/2023 06:00:00 AM,5476,9512,1084,528,187,15
1295,10/22/2023 06:00:00 AM,,,,,,0
1296,10/23/2023 06:00:00 AM,,,,,,0
1297,10/24/2023 06:00:00 AM,5476,9517,1084,528,187,17
1298,10/25/2023 06:00:00 AM,5476,9519,1084,528,187,17
1299,10/26/2023 06:00:00 AM,5477,9522,1085,528,187,15
1300,10/27/2023 06:00:00 AM,5478,9526,1085,528,187,17
1301,10/28/2023 06:00:00 AM,5480,9531,1085,528,187,13
1302,10/29/2023 06:00:00 AM,,,,,,0
1303,10/30/2023 06:00:00 AM,,,,,,0
1304,10/31/2023 06:00:00 AM,5480,9534,1085,529,187,18
1305,11/01/2023 06:00:00 AM,5480,9537,1085,529,187,18
1306,11/02/2023 06:00:00 AM,5480,9542,1085,530,187,17
1307,11/03/2023 06:00:00 AM,5481,9545,1085,530,187,17
1308,11/04/2023 06:00:00 AM,5481,9546,1085,530,187,22
1309,11/05/2023 05:00:00 AM,,,,,,0
1310,11/06/2023 05:00:00 AM,,,,,,0
1311,11/07/2023 05:00:00 AM,5483,9556,1086,530,187,20
1312,11/08/2023 05:00:00 AM,5483,9559,1086,530,187,23
1313,11/09/2023 05:00:00 AM,5484,9563,1086,530,187,21
1314,11/10/2023 05:00:00 AM,5485,9570,1086,530,187,21
1315,11/11/2023 05:00:00 AM,,,,,,0
1316,11/12/2023 05:00:00 AM,,,,,,0
1317,11/13/2023 05:00:00 AM,,,,,,0
1318,11/14/2023 05:00:00 AM,5488,9578,1087,530,188,24
1319,11/15/2023 05:00:00 AM,5489,9587,1087,530,188,22
1320,11/16/2023 05:00:00 AM,5492,9591,1087,530,188,21
1321,11/17/2023 05:00:00 AM,5494,9596,1087,530,188,16
1322,11/18/2023 05:00:00 AM,5494,9600,1087,530,188,19
1323,11/19/2023 05:00:00 AM,,,,,,0
1324,11/20/2023 05:00:00 AM,,,,,,0
1325,11/21/2023 05:00:00 AM,5495,9611,1087,530,188,18
1326,11/22/2023 05:00:00 AM,5498,9616,1087,530,188,21
1327,11/23/2023 05:00:00 AM,5499,9621,1088,530,188,19
1328,11/24/2023 05:00:00 AM,,,,,,0
1329,11/25/2023 05:00:00 AM,,,,,,0
1330,11/26/2023 05:00:00 AM,,,,,,0
1331,11/27/2023 05:00:00 AM,,,,,,0
1332,11/28/2023 05:00:00 AM,5500,9632,1090,530,188,31
